SET FOREIGN_KEY_CHECKS=0;
UPDATE component SET installed=0 WHERE name='primerdesign' AND version !='0.0.1';
REPLACE INTO component (name, version, description, installed) values ('primerdesign','0.0.1','Various tools for designing primers from Bioperl sequence objects',1);
REPLACE INTO process (name, component_name, component_version, tmpl_file, description, processor, display_name) values ('single_primer_pair','primerdesign','0.0.1','single_primer_pair','Design a single primer pair (using Primer3, UNAfold, Blastn)','Perl','Single Primer Pair');
REPLACE INTO datatype (name, description, default_blurb, is_image, is_export) values ('BioPrimarySeq','A Bioperl Primary Sequence Object','A Bioperl Primary Sequence Object',0,0);
REPLACE INTO process_accepts (process_name, process_component_name, process_component_version, datatype_name, name) values ('single_primer_pair','primerdesign','0.0.1','BioPrimarySeq','SEQ');
REPLACE INTO datatype (name, description, default_blurb, is_image, is_export) values ('BioSeq','A Bioperl BioSeq','A Bioperl BioSeq',0,0);
REPLACE INTO process_accepts (process_name, process_component_name, process_component_version, datatype_name, name) values ('single_primer_pair','primerdesign','0.0.1','BioSeq','SEQ');
REPLACE INTO datatype (name, description, default_blurb, is_image, is_export) values ('BioSeqFeature','A Bioperl BioSeqFeature object','A Bioperl BioSeqFeature object',0,0);
REPLACE INTO process_accepts (process_name, process_component_name, process_component_version, datatype_name, name) values ('single_primer_pair','primerdesign','0.0.1','BioSeqFeature','SEQ');
REPLACE INTO datatype (name, description, default_blurb, is_image, is_export) values ('BioSeq','A Bioperl BioSeq','A Bioperl BioSeq',0,0);
REPLACE INTO process_creates (process_name, process_component_name, process_component_version, datatype_name, name, suffix, is_image, is_export, is_report) values ('single_primer_pair','primerdesign','0.0.1','BioSeq','PRIMEDSEQ','pl.str',0,0,0);
REPLACE INTO fieldset (name, process_name, process_component_name, process_component_version, legend, toggle, position) values('primer3_params','single_primer_pair','primerdesign','0.0.1','Parameters for Primer3','1','1');
REPLACE INTO fieldset (name, process_name, process_component_name, process_component_version, legend, toggle, position) values('primer3_advanced_params','single_primer_pair','primerdesign','0.0.1','Advanced Parameters for Primer3','0','2');
REPLACE INTO fieldset (name, process_name, process_component_name, process_component_version, legend, toggle, position) values('unafold_params','single_primer_pair','primerdesign','0.0.1','Parameters for UNAFold','1','3');
REPLACE INTO fieldset (name, process_name, process_component_name, process_component_version, legend, toggle, position) values('unafold_advanced_params','single_primer_pair','primerdesign','0.0.1','Advanced Parameters for UNAFold','0','4');
REPLACE INTO fieldset (name, process_name, process_component_name, process_component_version, legend, toggle, position) values('blastn_params','single_primer_pair','primerdesign','0.0.1','Parameters for Blastn','1','5');
REPLACE INTO fieldset (name, process_name, process_component_name, process_component_version, legend, toggle, position) values('blastn_advanced_params','single_primer_pair','primerdesign','0.0.1','Advanced Parameters for Blastn','0','6');
REPLACE INTO parameter (name, display_name, process_name, process_component_name, process_component_version, description, optional, form_element_type, min_value, max_value, default_value, is_multiple, position, fieldset) values ('database','Database','single_primer_pair','primerdesign','0.0.1','to blast against.','1','checkbox_group','','','','1','3','blastn_params');
REPLACE INTO parameter_allowed_value (parameter_name, parameter_process_name, parameter_process_component_name, parameter_process_component_version, value) values ('database','single_primer_pair','primerdesign','0.0.1','nr');
REPLACE INTO parameter_allowed_value (parameter_name, parameter_process_name, parameter_process_component_name, parameter_process_component_version, value) values ('database','single_primer_pair','primerdesign','0.0.1','refseq_genomic');
REPLACE INTO parameter_allowed_value (parameter_name, parameter_process_name, parameter_process_component_name, parameter_process_component_version, value) values ('database','single_primer_pair','primerdesign','0.0.1','refseq_transcript');
REPLACE INTO parameter (name, display_name, process_name, process_component_name, process_component_version, description, optional, form_element_type, min_value, max_value, default_value, is_multiple, position, fieldset) values ('dna_conc','mM DNA Concentration','single_primer_pair','primerdesign','0.0.1','For Tm Calculations','1','text','','','50.0','0','6','primer3_advanced_params');
REPLACE INTO parameter (name, display_name, process_name, process_component_name, process_component_version, description, optional, form_element_type, min_value, max_value, default_value, is_multiple, position, fieldset) values ('energyOnly','Energy Only','single_primer_pair','primerdesign','0.0.1','Skips computation of structure (see UNAFold docs)','1','text','','','','0','6','unafold_advanced_params');
REPLACE INTO parameter (name, display_name, process_name, process_component_name, process_component_version, description, optional, form_element_type, min_value, max_value, default_value, is_multiple, position, fieldset) values ('exluded_region','Excluded Region','single_primer_pair','primerdesign','0.0.1','Optional. Region which must not be overlapped by an amplicon (as start,length)','1','text','','','','1','3','primer3_params');
REPLACE INTO parameter (name, display_name, process_name, process_component_name, process_component_version, description, optional, form_element_type, min_value, max_value, default_value, is_multiple, position, fieldset) values ('expect','Expect','single_primer_pair','primerdesign','0.0.1','','1','text','','','1000','0','1','blastn_params');
REPLACE INTO parameter (name, display_name, process_name, process_component_name, process_component_version, description, optional, form_element_type, min_value, max_value, default_value, is_multiple, position, fieldset) values ('force','force','single_primer_pair','primerdesign','0.0.1','as i,j,[k]. Force all base pairs in the helix from i to i+k-1 j-k+1 to be double stranded. See UNAfo','1','text','','','','0','5','unafold_advanced_params');
REPLACE INTO parameter (name, display_name, process_name, process_component_name, process_component_version, description, optional, form_element_type, min_value, max_value, default_value, is_multiple, position, fieldset) values ('gc_clamp','GC Clamp','single_primer_pair','primerdesign','0.0.1','Number of Gs and Cs at the 3 prime end','1','text','','','0','0','1','primer3_advanced_params');
REPLACE INTO parameter (name, display_name, process_name, process_component_name, process_component_version, description, optional, form_element_type, min_value, max_value, default_value, is_multiple, position, fieldset) values ('included_region','Included Region','single_primer_pair','primerdesign','0.0.1','Optional. Design primers in this subsequence (as start,length)','1','text','','','','0','1','primer3_params');
REPLACE INTO parameter (name, display_name, process_name, process_component_name, process_component_version, description, optional, form_element_type, min_value, max_value, default_value, is_multiple, position, fieldset) values ('inside_penalty','Inside Penalty','single_primer_pair','primerdesign','0.0.1','','1','text','','','-1.0','0','39','primer3_advanced_params');
REPLACE INTO parameter (name, display_name, process_name, process_component_name, process_component_version, description, optional, form_element_type, min_value, max_value, default_value, is_multiple, position, fieldset) values ('left_input','Known Left Primer','single_primer_pair','primerdesign','0.0.1','Optional. Known sequence for the left primer','1','text','','','','0','4','primer3_params');
REPLACE INTO parameter (name, display_name, process_name, process_component_name, process_component_version, description, optional, form_element_type, min_value, max_value, default_value, is_multiple, position, fieldset) values ('liberal_base','Liberal Base?','single_primer_pair','primerdesign','0.0.1','Allow use of IUPAC codes (just changes them to N)','1','checkbox','','','0','0','11','primer3_advanced_params');
REPLACE INTO parameter (name, display_name, process_name, process_component_name, process_component_version, description, optional, form_element_type, min_value, max_value, default_value, is_multiple, position, fieldset) values ('lib_ambiguity_codes_consensus','Lib Ambiguity Codes Consensus','single_primer_pair','primerdesign','0.0.1','','1','text','','','1','0','41','primer3_advanced_params');
REPLACE INTO parameter (name, display_name, process_name, process_component_name, process_component_version, description, optional, form_element_type, min_value, max_value, default_value, is_multiple, position, fieldset) values ('magnesium','magnesium','single_primer_pair','primerdesign','0.0.1','Molar Magnesium Concentration','1','text','','','0.003','0','5','unafold_params');
REPLACE INTO parameter (name, display_name, process_name, process_component_name, process_component_version, description, optional, form_element_type, min_value, max_value, default_value, is_multiple, position, fieldset) values ('maxbp','Maximum base Pair','single_primer_pair','primerdesign','0.0.1','Bases further apart than this cannot pair','1','text','','','','0','9','unafold_advanced_params');
REPLACE INTO parameter (name, display_name, process_name, process_component_name, process_component_version, description, optional, form_element_type, min_value, max_value, default_value, is_multiple, position, fieldset) values ('maxloop','Maximum Loop','single_primer_pair','primerdesign','0.0.1','Maximum size of bulge/interior loops','1','text','','','30','0','10','unafold_advanced_params');
REPLACE INTO parameter (name, display_name, process_name, process_component_name, process_component_version, description, optional, form_element_type, min_value, max_value, default_value, is_multiple, position, fieldset) values ('max_diff_tm','Maximum Tm Difference','single_primer_pair','primerdesign','0.0.1','in degrees C. Maximum difference in Tm between primers','1','text','','','100.0','0','14','primer3_params');
REPLACE INTO parameter (name, display_name, process_name, process_component_name, process_component_version, description, optional, form_element_type, min_value, max_value, default_value, is_multiple, position, fieldset) values ('max_end_stability','Maximum End Stabilty','single_primer_pair','primerdesign','0.0.1','For the 5 3 prime bases of a primer (larger value means more stable end)','1','text','','','100.00','0','13','primer3_advanced_params');
REPLACE INTO parameter (name, display_name, process_name, process_component_name, process_component_version, description, optional, form_element_type, min_value, max_value, default_value, is_multiple, position, fieldset) values ('max_gc','Maximum Percentage of GCs','single_primer_pair','primerdesign','0.0.1','','1','text','','','80.0','0','4','primer3_advanced_params');
REPLACE INTO parameter (name, display_name, process_name, process_component_name, process_component_version, description, optional, form_element_type, min_value, max_value, default_value, is_multiple, position, fieldset) values ('max_poly_x','Maximum Poly-X','single_primer_pair','primerdesign','0.0.1','Maximum length of a mononucleotide repeat','1','text','','','5','0','10','primer3_advanced_params');
REPLACE INTO parameter (name, display_name, process_name, process_component_name, process_component_version, description, optional, form_element_type, min_value, max_value, default_value, is_multiple, position, fieldset) values ('max_size','Maximum Primer Size','single_primer_pair','primerdesign','0.0.1','','1','text','','','27','0','10','primer3_params');
REPLACE INTO parameter (name, display_name, process_name, process_component_name, process_component_version, description, optional, form_element_type, min_value, max_value, default_value, is_multiple, position, fieldset) values ('max_template_mispriming','Maximum Template Mispriming','single_primer_pair','primerdesign','0.0.1','','1','text','','','-1.00','0','42','primer3_advanced_params');
REPLACE INTO parameter (name, display_name, process_name, process_component_name, process_component_version, description, optional, form_element_type, min_value, max_value, default_value, is_multiple, position, fieldset) values ('max_tm','Maximum Primer Tm','single_primer_pair','primerdesign','0.0.1','in degrees C','1','text','','','63.0','0','13','primer3_params');
REPLACE INTO parameter (name, display_name, process_name, process_component_name, process_component_version, description, optional, form_element_type, min_value, max_value, default_value, is_multiple, position, fieldset) values ('mfold','As MFold','single_primer_pair','primerdesign','0.0.1','Multiple suboptimal tracebacks in the style of Mfold. As P,W,MAX (see UnaFold docs)','1','text','','','','0','8','unafold_advanced_params');
REPLACE INTO parameter (name, display_name, process_name, process_component_name, process_component_version, description, optional, form_element_type, min_value, max_value, default_value, is_multiple, position, fieldset) values ('min_gc','Minimum Percentage of GCs','single_primer_pair','primerdesign','0.0.1','','1','text','','','20.0','0','2','primer3_advanced_params');
REPLACE INTO parameter (name, display_name, process_name, process_component_name, process_component_version, description, optional, form_element_type, min_value, max_value, default_value, is_multiple, position, fieldset) values ('min_size','Minimum Primer Size','single_primer_pair','primerdesign','0.0.1','','1','text','','','18','0','9','primer3_params');
REPLACE INTO parameter (name, display_name, process_name, process_component_name, process_component_version, description, optional, form_element_type, min_value, max_value, default_value, is_multiple, position, fieldset) values ('min_tm','Minimum Primer Tm','single_primer_pair','primerdesign','0.0.1','in degrees C','1','text','','','57.0','0','12','primer3_params');
REPLACE INTO parameter (name, display_name, process_name, process_component_name, process_component_version, description, optional, form_element_type, min_value, max_value, default_value, is_multiple, position, fieldset) values ('NA','Nucleic Acid','single_primer_pair','primerdesign','0.0.1','','1','text','','','0','0','1','unafold_params');
REPLACE INTO parameter (name, display_name, process_name, process_component_name, process_component_version, description, optional, form_element_type, min_value, max_value, default_value, is_multiple, position, fieldset) values ('nodangle','No Dangle','single_primer_pair','primerdesign','0.0.1','Remove single-base stacking from consideration','1','text','','','','0','11','unafold_advanced_params');
REPLACE INTO parameter (name, display_name, process_name, process_component_name, process_component_version, description, optional, form_element_type, min_value, max_value, default_value, is_multiple, position, fieldset) values ('noisolate','No Isolate','single_primer_pair','primerdesign','0.0.1','Prohibits isolated base pairs','1','text','','','','0','7','unafold_advanced_params');
REPLACE INTO parameter (name, display_name, process_name, process_component_name, process_component_version, description, optional, form_element_type, min_value, max_value, default_value, is_multiple, position, fieldset) values ('num_ns_accepted','Maximum Number of Ns','single_primer_pair','primerdesign','0.0.1','Maximum number of unknown bases (N) in a primer','1','text','','','0','0','7','primer3_advanced_params');
REPLACE INTO parameter (name, display_name, process_name, process_component_name, process_component_version, description, optional, form_element_type, min_value, max_value, default_value, is_multiple, position, fieldset) values ('num_return','Return Number','single_primer_pair','primerdesign','0.0.1','Number of primers to return','1','checkbox','','','0','0','12','primer3_advanced_params');
REPLACE INTO parameter (name, display_name, process_name, process_component_name, process_component_version, description, optional, form_element_type, min_value, max_value, default_value, is_multiple, position, fieldset) values ('opt_gc','Optimum Percentage of GCs','single_primer_pair','primerdesign','0.0.1','','1','text','','','50.0','0','3','primer3_advanced_params');
REPLACE INTO parameter (name, display_name, process_name, process_component_name, process_component_version, description, optional, form_element_type, min_value, max_value, default_value, is_multiple, position, fieldset) values ('opt_size','Optimal Primer Size','single_primer_pair','primerdesign','0.0.1','','1','text','','','20','0','8','primer3_params');
REPLACE INTO parameter (name, display_name, process_name, process_component_name, process_component_version, description, optional, form_element_type, min_value, max_value, default_value, is_multiple, position, fieldset) values ('opt_tm','Optimum Primer Tm','single_primer_pair','primerdesign','0.0.1','in degrees C','1','text','','','60.0','0','11','primer3_params');
REPLACE INTO parameter (name, display_name, process_name, process_component_name, process_component_version, description, optional, form_element_type, min_value, max_value, default_value, is_multiple, position, fieldset) values ('outside_penalty','Outside Penalty','single_primer_pair','primerdesign','0.0.1','','1','text','','','0.0','0','40','primer3_advanced_params');
REPLACE INTO parameter (name, display_name, process_name, process_component_name, process_component_version, description, optional, form_element_type, min_value, max_value, default_value, is_multiple, position, fieldset) values ('pair_max_template_mispriming','Pair Maximum Template Mispriming','single_primer_pair','primerdesign','0.0.1','','1','text','','','-1.00','0','43','primer3_advanced_params');
REPLACE INTO parameter (name, display_name, process_name, process_component_name, process_component_version, description, optional, form_element_type, min_value, max_value, default_value, is_multiple, position, fieldset) values ('pair_wt_compl_any','Pair Weight Any Complimentary','single_primer_pair','primerdesign','0.0.1','','1','text','','','0.0','0','32','primer3_advanced_params');
REPLACE INTO parameter (name, display_name, process_name, process_component_name, process_component_version, description, optional, form_element_type, min_value, max_value, default_value, is_multiple, position, fieldset) values ('pair_wt_compl_end','Pair Weight End Complimentary','single_primer_pair','primerdesign','0.0.1','','1','text','','','0.0','0','33','primer3_advanced_params');
REPLACE INTO parameter (name, display_name, process_name, process_component_name, process_component_version, description, optional, form_element_type, min_value, max_value, default_value, is_multiple, position, fieldset) values ('pair_wt_diff_tm','Pair Weight Diff in Tm','single_primer_pair','primerdesign','0.0.1','','1','text','','','0.0','0','31','primer3_advanced_params');
REPLACE INTO parameter (name, display_name, process_name, process_component_name, process_component_version, description, optional, form_element_type, min_value, max_value, default_value, is_multiple, position, fieldset) values ('pair_wt_io_penalty','Pair Weight IO Penalty','single_primer_pair','primerdesign','0.0.1','','1','text','','','0.0','0','30','primer3_advanced_params');
REPLACE INTO parameter (name, display_name, process_name, process_component_name, process_component_version, description, optional, form_element_type, min_value, max_value, default_value, is_multiple, position, fieldset) values ('pair_wt_product_tm_gt','Pair Weight Product Tm High','single_primer_pair','primerdesign','0.0.1','','1','text','','','0.0','0','35','primer3_advanced_params');
REPLACE INTO parameter (name, display_name, process_name, process_component_name, process_component_version, description, optional, form_element_type, min_value, max_value, default_value, is_multiple, position, fieldset) values ('pair_wt_product_weight_gt','Pair Weight Product Size High','single_primer_pair','primerdesign','0.0.1','','1','text','','','0.0','0','36','primer3_advanced_params');
REPLACE INTO parameter (name, display_name, process_name, process_component_name, process_component_version, description, optional, form_element_type, min_value, max_value, default_value, is_multiple, position, fieldset) values ('pair_wt_product_weight_lt','Pair Weight Product Size Low','single_primer_pair','primerdesign','0.0.1','','1','text','','','0.0','0','37','primer3_advanced_params');
REPLACE INTO parameter (name, display_name, process_name, process_component_name, process_component_version, description, optional, form_element_type, min_value, max_value, default_value, is_multiple, position, fieldset) values ('pair_wt_pr_penalty','Pair Weight Pr Penalty','single_primer_pair','primerdesign','0.0.1','','1','text','','','1.0','0','29','primer3_advanced_params');
REPLACE INTO parameter (name, display_name, process_name, process_component_name, process_component_version, description, optional, form_element_type, min_value, max_value, default_value, is_multiple, position, fieldset) values ('pair_wt_rep_sim','Pair Weight Rep Sim','single_primer_pair','primerdesign','0.0.1','','1','text','','','0.0','0','38','primer3_advanced_params');
REPLACE INTO parameter (name, display_name, process_name, process_component_name, process_component_version, description, optional, form_element_type, min_value, max_value, default_value, is_multiple, position, fieldset) values ('pair_wt_template_mispriming','Pair Weight Template Mispriming','single_primer_pair','primerdesign','0.0.1','','1','text','','','0','0','43','primer3_advanced_params');
REPLACE INTO parameter (name, display_name, process_name, process_component_name, process_component_version, description, optional, form_element_type, min_value, max_value, default_value, is_multiple, position, fieldset) values ('polymer','Polymer','single_primer_pair','primerdesign','0.0.1','Use salt corrections for polymers instead of oligomers','1','text','','','0','0','2','unafold_advanced_params');
REPLACE INTO parameter (name, display_name, process_name, process_component_name, process_component_version, description, optional, form_element_type, min_value, max_value, default_value, is_multiple, position, fieldset) values ('product_max_size','Maximum Amplicon Size','single_primer_pair','primerdesign','0.0.1','','1','text','','','','0','17','primer3_params');
REPLACE INTO parameter (name, display_name, process_name, process_component_name, process_component_version, description, optional, form_element_type, min_value, max_value, default_value, is_multiple, position, fieldset) values ('product_min_size','Minimum Amplicon Size','single_primer_pair','primerdesign','0.0.1','','1','text','','','','0','16','primer3_params');
REPLACE INTO parameter (name, display_name, process_name, process_component_name, process_component_version, description, optional, form_element_type, min_value, max_value, default_value, is_multiple, position, fieldset) values ('product_min_tm','Amplicon Minimum Tm','single_primer_pair','primerdesign','0.0.1','Minimum melting temperature of the amplicon','1','text','','','-1000000.0','0','7','primer3_params');
REPLACE INTO parameter (name, display_name, process_name, process_component_name, process_component_version, description, optional, form_element_type, min_value, max_value, default_value, is_multiple, position, fieldset) values ('product_opt_size','Optimum Amplicon Size','single_primer_pair','primerdesign','0.0.1','','1','text','','','','0','15','primer3_params');
REPLACE INTO parameter (name, display_name, process_name, process_component_name, process_component_version, description, optional, form_element_type, min_value, max_value, default_value, is_multiple, position, fieldset) values ('product_opt_tm','Optimum Amplicon Tm','single_primer_pair','primerdesign','0.0.1','','1','text','','','','0','14','primer3_advanced_params');
REPLACE INTO parameter (name, display_name, process_name, process_component_name, process_component_version, description, optional, form_element_type, min_value, max_value, default_value, is_multiple, position, fieldset) values ('prohibit','Prohibit','single_primer_pair','primerdesign','0.0.1','as i,j,[k]. Prohibit all base pairs in the helix from i to i+k-1 j-k+1. See UNAfold Documentation','1','text','','','','0','4','unafold_advanced_params');
REPLACE INTO parameter (name, display_name, process_name, process_component_name, process_component_version, description, optional, form_element_type, min_value, max_value, default_value, is_multiple, position, fieldset) values ('right_input','Known Right Primer','single_primer_pair','primerdesign','0.0.1','Optional. Known sequence for the right primer','1','text','','','','0','5','primer3_params');
REPLACE INTO parameter (name, display_name, process_name, process_component_name, process_component_version, description, optional, form_element_type, min_value, max_value, default_value, is_multiple, position, fieldset) values ('salt_conc','mM Salt Concentration','single_primer_pair','primerdesign','0.0.1','For Tm Calculations','1','text','','','50.0','0','5','primer3_advanced_params');
REPLACE INTO parameter (name, display_name, process_name, process_component_name, process_component_version, description, optional, form_element_type, min_value, max_value, default_value, is_multiple, position, fieldset) values ('self_any','Maximum Self Alignment','single_primer_pair','primerdesign','0.0.1','Maximum alignment score for within and between primers when checking for hairpin loops','1','text','','','8.00','0','8','primer3_advanced_params');
REPLACE INTO parameter (name, display_name, process_name, process_component_name, process_component_version, description, optional, form_element_type, min_value, max_value, default_value, is_multiple, position, fieldset) values ('self_end','Maximum Self End','single_primer_pair','primerdesign','0.0.1','Maximum alignment score for within and between primers when checking for primer dimers','1','text','','','3.00','0','9','primer3_advanced_params');
REPLACE INTO parameter (name, display_name, process_name, process_component_name, process_component_version, description, optional, form_element_type, min_value, max_value, default_value, is_multiple, position, fieldset) values ('simple','Simple','single_primer_pair','primerdesign','0.0.1','Use constant multi-branch penalty rather than the affine default','1','text','','','','0','12','unafold_advanced_params');
REPLACE INTO parameter (name, display_name, process_name, process_component_name, process_component_version, description, optional, form_element_type, min_value, max_value, default_value, is_multiple, position, fieldset) values ('sodium','sodium','single_primer_pair','primerdesign','0.0.1','Molar Sodium Concentration','1','text','','','0.05','0','4','unafold_params');
REPLACE INTO parameter (name, display_name, process_name, process_component_name, process_component_version, description, optional, form_element_type, min_value, max_value, default_value, is_multiple, position, fieldset) values ('suffix','Suffix','single_primer_pair','primerdesign','0.0.1','Use energy rules with this suffix. Overrides tmin, tinc, tmax, sodium, magneium, polymer','1','text','','','','0','3','unafold_advanced_params');
REPLACE INTO parameter (name, display_name, process_name, process_component_name, process_component_version, description, optional, form_element_type, min_value, max_value, default_value, is_multiple, position, fieldset) values ('target','Target','single_primer_pair','primerdesign','0.0.1','Optional. Target region which must be covered by an amplicon (as start,length)','1','text','','','','1','2','primer3_params');
REPLACE INTO parameter (name, display_name, process_name, process_component_name, process_component_version, description, optional, form_element_type, min_value, max_value, default_value, is_multiple, position, fieldset) values ('tinc','Temperature Increment','single_primer_pair','primerdesign','0.0.1','','1','text','','','1','0','1','unafold_advanced_params');
REPLACE INTO parameter (name, display_name, process_name, process_component_name, process_component_version, description, optional, form_element_type, min_value, max_value, default_value, is_multiple, position, fieldset) values ('tmax','tmax','single_primer_pair','primerdesign','0.0.1','Highest temperature to use','1','text','','','60','0','3','unafold_params');
REPLACE INTO parameter (name, display_name, process_name, process_component_name, process_component_version, description, optional, form_element_type, min_value, max_value, default_value, is_multiple, position, fieldset) values ('tmin','tmin','single_primer_pair','primerdesign','0.0.1','Lowest temperature to use','1','text','','','60','0','2','unafold_params');
REPLACE INTO parameter (name, display_name, process_name, process_component_name, process_component_version, description, optional, form_element_type, min_value, max_value, default_value, is_multiple, position, fieldset) values ('wordsize','Wordsize','single_primer_pair','primerdesign','0.0.1','','1','text','','','7','0','2','blastn_params');
REPLACE INTO parameter (name, display_name, process_name, process_component_name, process_component_version, description, optional, form_element_type, min_value, max_value, default_value, is_multiple, position, fieldset) values ('wt_compl_any','Weight Any Complimentary','single_primer_pair','primerdesign','0.0.1','Penalty weight for sequences with any complimentarity','1','text','','','0.0','0','21','primer3_advanced_params');
REPLACE INTO parameter (name, display_name, process_name, process_component_name, process_component_version, description, optional, form_element_type, min_value, max_value, default_value, is_multiple, position, fieldset) values ('wt_compl_end','Weight End Complimentary','single_primer_pair','primerdesign','0.0.1','Penalty weight for sequences with end complimentarity','1','text','','','0.0','0','22','primer3_advanced_params');
REPLACE INTO parameter (name, display_name, process_name, process_component_name, process_component_version, description, optional, form_element_type, min_value, max_value, default_value, is_multiple, position, fieldset) values ('wt_end_qual','Weight End Quality','single_primer_pair','primerdesign','0.0.1','','1','text','','','0.0','0','26','primer3_advanced_params');
REPLACE INTO parameter (name, display_name, process_name, process_component_name, process_component_version, description, optional, form_element_type, min_value, max_value, default_value, is_multiple, position, fieldset) values ('wt_end_stability','Weight End Stability','single_primer_pair','primerdesign','0.0.1','','1','text','','','0.0','0','28','primer3_advanced_params');
REPLACE INTO parameter (name, display_name, process_name, process_component_name, process_component_version, description, optional, form_element_type, min_value, max_value, default_value, is_multiple, position, fieldset) values ('wt_gc_percent_gt','Weight GC Percent High','single_primer_pair','primerdesign','0.0.1','Penalty weight for primers with higher than optimal GC content','1','text','','','1','0','19','primer3_advanced_params');
REPLACE INTO parameter (name, display_name, process_name, process_component_name, process_component_version, description, optional, form_element_type, min_value, max_value, default_value, is_multiple, position, fieldset) values ('wt_gc_percent_lt','Weight GC Percent Low','single_primer_pair','primerdesign','0.0.1','Penalty weight for primers with lower than optimal GC content','1','text','','','1','0','20','primer3_advanced_params');
REPLACE INTO parameter (name, display_name, process_name, process_component_name, process_component_version, description, optional, form_element_type, min_value, max_value, default_value, is_multiple, position, fieldset) values ('wt_num_ns','Weight Num Ns','single_primer_pair','primerdesign','0.0.1','Penalty weight for sequences with unknown bases','1','text','','','0.0','0','23','primer3_advanced_params');
REPLACE INTO parameter (name, display_name, process_name, process_component_name, process_component_version, description, optional, form_element_type, min_value, max_value, default_value, is_multiple, position, fieldset) values ('wt_pos_penalty','Weight Pos Penalty','single_primer_pair','primerdesign','0.0.1','','1','text','','','0.0','0','27','primer3_advanced_params');
REPLACE INTO parameter (name, display_name, process_name, process_component_name, process_component_version, description, optional, form_element_type, min_value, max_value, default_value, is_multiple, position, fieldset) values ('wt_rep_sim','Weight Rep Sim','single_primer_pair','primerdesign','0.0.1','','1','text','','','0.0','0','24','primer3_advanced_params');
REPLACE INTO parameter (name, display_name, process_name, process_component_name, process_component_version, description, optional, form_element_type, min_value, max_value, default_value, is_multiple, position, fieldset) values ('wt_seq_qual','Weight Sequence Quality','single_primer_pair','primerdesign','0.0.1','','1','text','','','0.0','0','25','primer3_advanced_params');
REPLACE INTO parameter (name, display_name, process_name, process_component_name, process_component_version, description, optional, form_element_type, min_value, max_value, default_value, is_multiple, position, fieldset) values ('wt_size_gt','Weight Size high','single_primer_pair','primerdesign','0.0.1','Penalty weight for primers longer than the optimal size','1','text','','','1','0','17','primer3_advanced_params');
REPLACE INTO parameter (name, display_name, process_name, process_component_name, process_component_version, description, optional, form_element_type, min_value, max_value, default_value, is_multiple, position, fieldset) values ('wt_size_lt','Weight Size high','single_primer_pair','primerdesign','0.0.1','Penalty weight for primers shorter than the optimal size','1','text','','','1','0','18','primer3_advanced_params');
REPLACE INTO parameter (name, display_name, process_name, process_component_name, process_component_version, description, optional, form_element_type, min_value, max_value, default_value, is_multiple, position, fieldset) values ('wt_template_mispriming','Weight Template Mispriming','single_primer_pair','primerdesign','0.0.1','','1','text','','','0','0','44','primer3_advanced_params');
REPLACE INTO parameter (name, display_name, process_name, process_component_name, process_component_version, description, optional, form_element_type, min_value, max_value, default_value, is_multiple, position, fieldset) values ('wt_tm_gt','Weight Tm high','single_primer_pair','primerdesign','0.0.1','Penalty weight for primers with Tm over Optimal Tm','1','text','','','1','0','15','primer3_advanced_params');
REPLACE INTO parameter (name, display_name, process_name, process_component_name, process_component_version, description, optional, form_element_type, min_value, max_value, default_value, is_multiple, position, fieldset) values ('wt_tm_lt','Weight Tm low','single_primer_pair','primerdesign','0.0.1','Penalty weight for primers with Tm under Optimal Tm','1','text','','','1','0','16','primer3_advanced_params');
REPLACE INTO process (name, component_name, component_version, tmpl_file, description, processor, display_name) values ('tiling_primers','primerdesign','0.0.1','','Design a set of tiling primers to cover a sequence region (using Primer3, UNAfold, Blastn)','Perl','Tiling Primers');
REPLACE INTO datatype (name, description, default_blurb, is_image, is_export) values ('BioPrimarySeq','A Bioperl Primary Sequence Object','A Bioperl Primary Sequence Object',0,0);
REPLACE INTO process_accepts (process_name, process_component_name, process_component_version, datatype_name, name) values ('tiling_primers','primerdesign','0.0.1','BioPrimarySeq','SEQ');
REPLACE INTO datatype (name, description, default_blurb, is_image, is_export) values ('BioSeq','A Bioperl BioSeq','A Bioperl BioSeq',0,0);
REPLACE INTO process_accepts (process_name, process_component_name, process_component_version, datatype_name, name) values ('tiling_primers','primerdesign','0.0.1','BioSeq','SEQ');
REPLACE INTO datatype (name, description, default_blurb, is_image, is_export) values ('BioSeqFeature','A Bioperl BioSeqFeature object','A Bioperl BioSeqFeature object',0,0);
REPLACE INTO process_accepts (process_name, process_component_name, process_component_version, datatype_name, name) values ('tiling_primers','primerdesign','0.0.1','BioSeqFeature','SEQ');
REPLACE INTO datatype (name, description, default_blurb, is_image, is_export) values ('BioSeq','A Bioperl BioSeq','A Bioperl BioSeq',0,0);
REPLACE INTO process_creates (process_name, process_component_name, process_component_version, datatype_name, name, suffix, is_image, is_export, is_report) values ('tiling_primers','primerdesign','0.0.1','BioSeq','PRIMEDSEQ','.pl.str',0,0,0);
REPLACE INTO fieldset (name, process_name, process_component_name, process_component_version, legend, toggle, position) values('primer3_params','tiling_primers','primerdesign','0.0.1','Parameters for Primer3','1','1');
REPLACE INTO fieldset (name, process_name, process_component_name, process_component_version, legend, toggle, position) values('primer3_advanced_params','tiling_primers','primerdesign','0.0.1','Advanced Parameters for Primer3','0','2');
REPLACE INTO fieldset (name, process_name, process_component_name, process_component_version, legend, toggle, position) values('unafold_params','tiling_primers','primerdesign','0.0.1','Parameters for UNAFold','1','3');
REPLACE INTO fieldset (name, process_name, process_component_name, process_component_version, legend, toggle, position) values('unafold_advanced_params','tiling_primers','primerdesign','0.0.1','Advanced Parameters for UNAFold','0','4');
REPLACE INTO fieldset (name, process_name, process_component_name, process_component_version, legend, toggle, position) values('blastn_params','tiling_primers','primerdesign','0.0.1','Parameters for Blastn','1','5');
REPLACE INTO fieldset (name, process_name, process_component_name, process_component_version, legend, toggle, position) values('blastn_advanced_params','tiling_primers','primerdesign','0.0.1','Advanced Parameters for Blastn','0','6');
REPLACE INTO parameter (name, display_name, process_name, process_component_name, process_component_version, description, optional, form_element_type, min_value, max_value, default_value, is_multiple, position, fieldset) values ('database','Database','tiling_primers','primerdesign','0.0.1','to blast against.','1','checkbox_group','','','','1','3','blastn_params');
REPLACE INTO parameter_allowed_value (parameter_name, parameter_process_name, parameter_process_component_name, parameter_process_component_version, value) values ('database','tiling_primers','primerdesign','0.0.1','nr');
REPLACE INTO parameter_allowed_value (parameter_name, parameter_process_name, parameter_process_component_name, parameter_process_component_version, value) values ('database','tiling_primers','primerdesign','0.0.1','refseq_genomic');
REPLACE INTO parameter_allowed_value (parameter_name, parameter_process_name, parameter_process_component_name, parameter_process_component_version, value) values ('database','tiling_primers','primerdesign','0.0.1','refseq_transcript');
REPLACE INTO parameter (name, display_name, process_name, process_component_name, process_component_version, description, optional, form_element_type, min_value, max_value, default_value, is_multiple, position, fieldset) values ('dna_conc','mM DNA Concentration','tiling_primers','primerdesign','0.0.1','For Tm Calculations','1','text','','','50.0','0','6','primer3_advanced_params');
REPLACE INTO parameter (name, display_name, process_name, process_component_name, process_component_version, description, optional, form_element_type, min_value, max_value, default_value, is_multiple, position, fieldset) values ('energyOnly','Energy Only','tiling_primers','primerdesign','0.0.1','Skips computation of structure (see UNAFold docs)','1','text','','','','0','6','unafold_advanced_params');
REPLACE INTO parameter (name, display_name, process_name, process_component_name, process_component_version, description, optional, form_element_type, min_value, max_value, default_value, is_multiple, position, fieldset) values ('exluded_region','Excluded Region','tiling_primers','primerdesign','0.0.1','Optional. Region which must not be overlapped by an amplicon (as start,length)','1','text','','','','1','3','primer3_params');
REPLACE INTO parameter (name, display_name, process_name, process_component_name, process_component_version, description, optional, form_element_type, min_value, max_value, default_value, is_multiple, position, fieldset) values ('expect','Expect','tiling_primers','primerdesign','0.0.1','','1','text','','','1000','0','1','blastn_params');
REPLACE INTO parameter (name, display_name, process_name, process_component_name, process_component_version, description, optional, form_element_type, min_value, max_value, default_value, is_multiple, position, fieldset) values ('force','force','tiling_primers','primerdesign','0.0.1','as i,j,[k]. Force all base pairs in the helix from i to i+k-1 j-k+1 to be double stranded. See UNAfo','1','text','','','','0','5','unafold_advanced_params');
REPLACE INTO parameter (name, display_name, process_name, process_component_name, process_component_version, description, optional, form_element_type, min_value, max_value, default_value, is_multiple, position, fieldset) values ('gc_clamp','GC Clamp','tiling_primers','primerdesign','0.0.1','Number of Gs and Cs at the 3 prime end','1','text','','','0','0','1','primer3_advanced_params');
REPLACE INTO parameter (name, display_name, process_name, process_component_name, process_component_version, description, optional, form_element_type, min_value, max_value, default_value, is_multiple, position, fieldset) values ('included_region','Included Region','tiling_primers','primerdesign','0.0.1','Optional. Design primers in this subsequence (as start,length)','1','text','','','','0','1','primer3_params');
REPLACE INTO parameter (name, display_name, process_name, process_component_name, process_component_version, description, optional, form_element_type, min_value, max_value, default_value, is_multiple, position, fieldset) values ('inside_penalty','Inside Penalty','tiling_primers','primerdesign','0.0.1','','1','text','','','-1.0','0','39','primer3_advanced_params');
REPLACE INTO parameter (name, display_name, process_name, process_component_name, process_component_version, description, optional, form_element_type, min_value, max_value, default_value, is_multiple, position, fieldset) values ('liberal_base','Liberal Base?','tiling_primers','primerdesign','0.0.1','Allow use of IUPAC codes (just changes them to N)','1','checkbox','','','0','0','11','primer3_advanced_params');
REPLACE INTO parameter (name, display_name, process_name, process_component_name, process_component_version, description, optional, form_element_type, min_value, max_value, default_value, is_multiple, position, fieldset) values ('lib_ambiguity_codes_consensus','Lib Ambiguity Codes Consensus','tiling_primers','primerdesign','0.0.1','','1','text','','','1','0','41','primer3_advanced_params');
REPLACE INTO parameter (name, display_name, process_name, process_component_name, process_component_version, description, optional, form_element_type, min_value, max_value, default_value, is_multiple, position, fieldset) values ('magnesium','magnesium','tiling_primers','primerdesign','0.0.1','Molar Magnesium Concentration','1','text','','','0.003','0','5','unafold_params');
REPLACE INTO parameter (name, display_name, process_name, process_component_name, process_component_version, description, optional, form_element_type, min_value, max_value, default_value, is_multiple, position, fieldset) values ('maxbp','Maximum base Pair','tiling_primers','primerdesign','0.0.1','Bases further apart than this cannot pair','1','text','','','','0','9','unafold_advanced_params');
REPLACE INTO parameter (name, display_name, process_name, process_component_name, process_component_version, description, optional, form_element_type, min_value, max_value, default_value, is_multiple, position, fieldset) values ('maxloop','Maximum Loop','tiling_primers','primerdesign','0.0.1','Maximum size of bulge/interior loops','1','text','','','30','0','10','unafold_advanced_params');
REPLACE INTO parameter (name, display_name, process_name, process_component_name, process_component_version, description, optional, form_element_type, min_value, max_value, default_value, is_multiple, position, fieldset) values ('max_diff_tm','Maximum Tm Difference','tiling_primers','primerdesign','0.0.1','in degrees C. Maximum difference in Tm between primers','1','text','','','100.0','0','14','primer3_params');
REPLACE INTO parameter (name, display_name, process_name, process_component_name, process_component_version, description, optional, form_element_type, min_value, max_value, default_value, is_multiple, position, fieldset) values ('max_end_stability','Maximum End Stabilty','tiling_primers','primerdesign','0.0.1','For the 5 3 prime bases of a primer (larger value means more stable end)','1','text','','','100.00','0','13','primer3_advanced_params');
REPLACE INTO parameter (name, display_name, process_name, process_component_name, process_component_version, description, optional, form_element_type, min_value, max_value, default_value, is_multiple, position, fieldset) values ('max_gc','Maximum Percentage of GCs','tiling_primers','primerdesign','0.0.1','','1','text','','','80.0','0','4','primer3_advanced_params');
REPLACE INTO parameter (name, display_name, process_name, process_component_name, process_component_version, description, optional, form_element_type, min_value, max_value, default_value, is_multiple, position, fieldset) values ('max_poly_x','Maximum Poly-X','tiling_primers','primerdesign','0.0.1','Maximum length of a mononucleotide repeat','1','text','','','5','0','10','primer3_advanced_params');
REPLACE INTO parameter (name, display_name, process_name, process_component_name, process_component_version, description, optional, form_element_type, min_value, max_value, default_value, is_multiple, position, fieldset) values ('max_size','Maximum Primer Size','tiling_primers','primerdesign','0.0.1','','1','text','','','27','0','10','primer3_params');
REPLACE INTO parameter (name, display_name, process_name, process_component_name, process_component_version, description, optional, form_element_type, min_value, max_value, default_value, is_multiple, position, fieldset) values ('max_template_mispriming','Maximum Template Mispriming','tiling_primers','primerdesign','0.0.1','','1','text','','','-1.00','0','42','primer3_advanced_params');
REPLACE INTO parameter (name, display_name, process_name, process_component_name, process_component_version, description, optional, form_element_type, min_value, max_value, default_value, is_multiple, position, fieldset) values ('max_tm','Maximum Primer Tm','tiling_primers','primerdesign','0.0.1','in degrees C','1','text','','','63.0','0','13','primer3_params');
REPLACE INTO parameter (name, display_name, process_name, process_component_name, process_component_version, description, optional, form_element_type, min_value, max_value, default_value, is_multiple, position, fieldset) values ('mfold','As MFold','tiling_primers','primerdesign','0.0.1','Multiple suboptimal tracebacks in the style of Mfold. As P,W,MAX (see UnaFold docs)','1','text','','','','0','8','unafold_advanced_params');
REPLACE INTO parameter (name, display_name, process_name, process_component_name, process_component_version, description, optional, form_element_type, min_value, max_value, default_value, is_multiple, position, fieldset) values ('min_gc','Minimum Percentage of GCs','tiling_primers','primerdesign','0.0.1','','1','text','','','20.0','0','2','primer3_advanced_params');
REPLACE INTO parameter (name, display_name, process_name, process_component_name, process_component_version, description, optional, form_element_type, min_value, max_value, default_value, is_multiple, position, fieldset) values ('min_tm','Minimum Primer Tm','tiling_primers','primerdesign','0.0.1','in degrees C','1','text','','','57.0','0','12','primer3_params');
REPLACE INTO parameter (name, display_name, process_name, process_component_name, process_component_version, description, optional, form_element_type, min_value, max_value, default_value, is_multiple, position, fieldset) values ('NA','Nucleic Acid','tiling_primers','primerdesign','0.0.1','','1','text','','','0','0','1','unafold_params');
REPLACE INTO parameter (name, display_name, process_name, process_component_name, process_component_version, description, optional, form_element_type, min_value, max_value, default_value, is_multiple, position, fieldset) values ('nodangle','No Dangle','tiling_primers','primerdesign','0.0.1','Remove single-base stacking from consideration','1','text','','','','0','11','unafold_advanced_params');
REPLACE INTO parameter (name, display_name, process_name, process_component_name, process_component_version, description, optional, form_element_type, min_value, max_value, default_value, is_multiple, position, fieldset) values ('noisolate','No Isolate','tiling_primers','primerdesign','0.0.1','Prohibits isolated base pairs','1','text','','','','0','7','unafold_advanced_params');
REPLACE INTO parameter (name, display_name, process_name, process_component_name, process_component_version, description, optional, form_element_type, min_value, max_value, default_value, is_multiple, position, fieldset) values ('num_ns_accepted','Maximum Number of Ns','tiling_primers','primerdesign','0.0.1','Maximum number of unknown bases (N) in a primer','1','text','','','0','0','7','primer3_advanced_params');
REPLACE INTO parameter (name, display_name, process_name, process_component_name, process_component_version, description, optional, form_element_type, min_value, max_value, default_value, is_multiple, position, fieldset) values ('num_return','Return Number','tiling_primers','primerdesign','0.0.1','Number of primers to return for each window','1','checkbox','','','0','0','12','primer3_advanced_params');
REPLACE INTO parameter (name, display_name, process_name, process_component_name, process_component_version, description, optional, form_element_type, min_value, max_value, default_value, is_multiple, position, fieldset) values ('opt_gc','Optimum Percentage of GCs','tiling_primers','primerdesign','0.0.1','','1','text','','','50.0','0','3','primer3_advanced_params');
REPLACE INTO parameter (name, display_name, process_name, process_component_name, process_component_version, description, optional, form_element_type, min_value, max_value, default_value, is_multiple, position, fieldset) values ('opt_size','Optimal Primer Size','tiling_primers','primerdesign','0.0.1','','1','text','','','20','0','8','primer3_params');
REPLACE INTO parameter (name, display_name, process_name, process_component_name, process_component_version, description, optional, form_element_type, min_value, max_value, default_value, is_multiple, position, fieldset) values ('opt_tm','Optimum Primer Tm','tiling_primers','primerdesign','0.0.1','in degrees C','1','text','','','60.0','0','11','primer3_params');
REPLACE INTO parameter (name, display_name, process_name, process_component_name, process_component_version, description, optional, form_element_type, min_value, max_value, default_value, is_multiple, position, fieldset) values ('outside_penalty','Outside Penalty','tiling_primers','primerdesign','0.0.1','','1','text','','','0.0','0','40','primer3_advanced_params');
REPLACE INTO parameter (name, display_name, process_name, process_component_name, process_component_version, description, optional, form_element_type, min_value, max_value, default_value, is_multiple, position, fieldset) values ('pair_max_template_mispriming','Pair Maximum Template Mispriming','tiling_primers','primerdesign','0.0.1','','1','text','','','-1.00','0','43','primer3_advanced_params');
REPLACE INTO parameter (name, display_name, process_name, process_component_name, process_component_version, description, optional, form_element_type, min_value, max_value, default_value, is_multiple, position, fieldset) values ('pair_wt_compl_any','Pair Weight Any Complimentary','tiling_primers','primerdesign','0.0.1','','1','text','','','0.0','0','32','primer3_advanced_params');
REPLACE INTO parameter (name, display_name, process_name, process_component_name, process_component_version, description, optional, form_element_type, min_value, max_value, default_value, is_multiple, position, fieldset) values ('pair_wt_compl_end','Pair Weight End Complimentary','tiling_primers','primerdesign','0.0.1','','1','text','','','0.0','0','33','primer3_advanced_params');
REPLACE INTO parameter (name, display_name, process_name, process_component_name, process_component_version, description, optional, form_element_type, min_value, max_value, default_value, is_multiple, position, fieldset) values ('pair_wt_diff_tm','Pair Weight Diff in Tm','tiling_primers','primerdesign','0.0.1','','1','text','','','0.0','0','31','primer3_advanced_params');
REPLACE INTO parameter (name, display_name, process_name, process_component_name, process_component_version, description, optional, form_element_type, min_value, max_value, default_value, is_multiple, position, fieldset) values ('pair_wt_io_penalty','Pair Weight IO Penalty','tiling_primers','primerdesign','0.0.1','','1','text','','','0.0','0','30','primer3_advanced_params');
REPLACE INTO parameter (name, display_name, process_name, process_component_name, process_component_version, description, optional, form_element_type, min_value, max_value, default_value, is_multiple, position, fieldset) values ('pair_wt_product_tm_gt','Pair Weight Product Tm High','tiling_primers','primerdesign','0.0.1','','1','text','','','0.0','0','35','primer3_advanced_params');
REPLACE INTO parameter (name, display_name, process_name, process_component_name, process_component_version, description, optional, form_element_type, min_value, max_value, default_value, is_multiple, position, fieldset) values ('pair_wt_product_tm_lt','Pair Weight Product Tm Low','tiling_primers','primerdesign','0.0.1','','1','text','','','0.0','0','34','primer3_advanced_params');
REPLACE INTO parameter (name, display_name, process_name, process_component_name, process_component_version, description, optional, form_element_type, min_value, max_value, default_value, is_multiple, position, fieldset) values ('pair_wt_product_weight_gt','Pair Weight Product Size High','tiling_primers','primerdesign','0.0.1','','1','text','','','0.0','0','36','primer3_advanced_params');
REPLACE INTO parameter (name, display_name, process_name, process_component_name, process_component_version, description, optional, form_element_type, min_value, max_value, default_value, is_multiple, position, fieldset) values ('pair_wt_product_weight_lt','Pair Weight Product Size Low','tiling_primers','primerdesign','0.0.1','','1','text','','','0.0','0','37','primer3_advanced_params');
REPLACE INTO parameter (name, display_name, process_name, process_component_name, process_component_version, description, optional, form_element_type, min_value, max_value, default_value, is_multiple, position, fieldset) values ('pair_wt_pr_penalty','Pair Weight Pr Penalty','tiling_primers','primerdesign','0.0.1','','1','text','','','1.0','0','29','primer3_advanced_params');
REPLACE INTO parameter (name, display_name, process_name, process_component_name, process_component_version, description, optional, form_element_type, min_value, max_value, default_value, is_multiple, position, fieldset) values ('pair_wt_rep_sim','Pair Weight Rep Sim','tiling_primers','primerdesign','0.0.1','','1','text','','','0.0','0','38','primer3_advanced_params');
REPLACE INTO parameter (name, display_name, process_name, process_component_name, process_component_version, description, optional, form_element_type, min_value, max_value, default_value, is_multiple, position, fieldset) values ('pair_wt_template_mispriming','Pair Weight Template Mispriming','tiling_primers','primerdesign','0.0.1','','1','text','','','0','0','43','primer3_advanced_params');
REPLACE INTO parameter (name, display_name, process_name, process_component_name, process_component_version, description, optional, form_element_type, min_value, max_value, default_value, is_multiple, position, fieldset) values ('polymer','Polymer','tiling_primers','primerdesign','0.0.1','Use salt corrections for polymers instead of oligomers','1','text','','','0','0','2','unafold_advanced_params');
REPLACE INTO parameter (name, display_name, process_name, process_component_name, process_component_version, description, optional, form_element_type, min_value, max_value, default_value, is_multiple, position, fieldset) values ('product_max_size','Maximum Amplicon Size','tiling_primers','primerdesign','0.0.1','','1','text','','','','0','17','primer3_params');
REPLACE INTO parameter (name, display_name, process_name, process_component_name, process_component_version, description, optional, form_element_type, min_value, max_value, default_value, is_multiple, position, fieldset) values ('product_max_tm','Amplicon Maximum Tm','tiling_primers','primerdesign','0.0.1','Maximum melting temp for an amplicon','1','text','','','1000000.0','0','6','primer3_params');
REPLACE INTO parameter (name, display_name, process_name, process_component_name, process_component_version, description, optional, form_element_type, min_value, max_value, default_value, is_multiple, position, fieldset) values ('product_min_size','Minimum Amplicon Size','tiling_primers','primerdesign','0.0.1','','1','text','','','','0','16','primer3_params');
REPLACE INTO parameter (name, display_name, process_name, process_component_name, process_component_version, description, optional, form_element_type, min_value, max_value, default_value, is_multiple, position, fieldset) values ('product_min_tm','Amplicon Minimum Tm','tiling_primers','primerdesign','0.0.1','Minimum melting temperature of the amplicon','1','text','','','1000000.0','0','7','primer3_params');
REPLACE INTO parameter (name, display_name, process_name, process_component_name, process_component_version, description, optional, form_element_type, min_value, max_value, default_value, is_multiple, position, fieldset) values ('product_opt_size','Optimum Amplicon Size','tiling_primers','primerdesign','0.0.1','','1','text','','','','0','15','primer3_params');
REPLACE INTO parameter (name, display_name, process_name, process_component_name, process_component_version, description, optional, form_element_type, min_value, max_value, default_value, is_multiple, position, fieldset) values ('product_opt_tm','Optimum Amplicon Tm','tiling_primers','primerdesign','0.0.1','','1','text','','','','0','14','primer3_advanced_params');
REPLACE INTO parameter (name, display_name, process_name, process_component_name, process_component_version, description, optional, form_element_type, min_value, max_value, default_value, is_multiple, position, fieldset) values ('prohibit','Prohibit','tiling_primers','primerdesign','0.0.1','as i,j,[k]. Prohibit all base pairs in the helix from i to i+k-1 j-k+1. See UNAfold Documentation','1','text','','','','0','4','unafold_advanced_params');
REPLACE INTO parameter (name, display_name, process_name, process_component_name, process_component_version, description, optional, form_element_type, min_value, max_value, default_value, is_multiple, position, fieldset) values ('salt_conc','mM Salt Concentration','tiling_primers','primerdesign','0.0.1','For Tm Calculations','1','text','','','50.0','0','5','primer3_advanced_params');
REPLACE INTO parameter (name, display_name, process_name, process_component_name, process_component_version, description, optional, form_element_type, min_value, max_value, default_value, is_multiple, position, fieldset) values ('self_any','Maximum Self Alignment','tiling_primers','primerdesign','0.0.1','Maximum alignment score for within and between primers when checking for hairpin loops','1','text','','','8.00','0','8','primer3_advanced_params');
REPLACE INTO parameter (name, display_name, process_name, process_component_name, process_component_version, description, optional, form_element_type, min_value, max_value, default_value, is_multiple, position, fieldset) values ('self_end','Maximum Self End','tiling_primers','primerdesign','0.0.1','Maximum alignment score for within and between primers when checking for primer dimers','1','text','','','3.00','0','9','primer3_advanced_params');
REPLACE INTO parameter (name, display_name, process_name, process_component_name, process_component_version, description, optional, form_element_type, min_value, max_value, default_value, is_multiple, position, fieldset) values ('simple','Simple','tiling_primers','primerdesign','0.0.1','Use constant multi-branch penalty rather than the affine default','1','text','','','','0','12','unafold_advanced_params');
REPLACE INTO parameter (name, display_name, process_name, process_component_name, process_component_version, description, optional, form_element_type, min_value, max_value, default_value, is_multiple, position, fieldset) values ('sodium','sodium','tiling_primers','primerdesign','0.0.1','Molar Sodium Concentration','1','text','','','0.05','0','4','unafold_params');
REPLACE INTO parameter (name, display_name, process_name, process_component_name, process_component_version, description, optional, form_element_type, min_value, max_value, default_value, is_multiple, position, fieldset) values ('suffix','Suffix','tiling_primers','primerdesign','0.0.1','Use energy rules with this suffix. Overrides tmin, tinc, tmax, sodium, magneium, polymer','1','text','','','','0','3','unafold_advanced_params');
REPLACE INTO parameter (name, display_name, process_name, process_component_name, process_component_version, description, optional, form_element_type, min_value, max_value, default_value, is_multiple, position, fieldset) values ('target','Target','tiling_primers','primerdesign','0.0.1','Optional. Target region which must be covered by an amplicon (as start,length)','1','text','','','','1','2','primer3_params');
REPLACE INTO parameter (name, display_name, process_name, process_component_name, process_component_version, description, optional, form_element_type, min_value, max_value, default_value, is_multiple, position, fieldset) values ('tinc','Temperature Increment','tiling_primers','primerdesign','0.0.1','','1','text','','','1','0','1','unafold_advanced_params');
REPLACE INTO parameter (name, display_name, process_name, process_component_name, process_component_version, description, optional, form_element_type, min_value, max_value, default_value, is_multiple, position, fieldset) values ('tmax','tmax','tiling_primers','primerdesign','0.0.1','Highest temperature to use','1','text','','','60','0','3','unafold_params');
REPLACE INTO parameter (name, display_name, process_name, process_component_name, process_component_version, description, optional, form_element_type, min_value, max_value, default_value, is_multiple, position, fieldset) values ('tmin','tmin','tiling_primers','primerdesign','0.0.1','Lowest temperature to use','1','text','','','60','0','2','unafold_params');
REPLACE INTO parameter (name, display_name, process_name, process_component_name, process_component_version, description, optional, form_element_type, min_value, max_value, default_value, is_multiple, position, fieldset) values ('wordsize','Wordsize','tiling_primers','primerdesign','0.0.1','','1','text','','','7','0','1','blastn_params');
REPLACE INTO parameter (name, display_name, process_name, process_component_name, process_component_version, description, optional, form_element_type, min_value, max_value, default_value, is_multiple, position, fieldset) values ('wt_compl_any','Weight Any Complimentary','tiling_primers','primerdesign','0.0.1','Penalty weight for sequences with any complimentarity','1','text','','','0.0','0','21','primer3_advanced_params');
REPLACE INTO parameter (name, display_name, process_name, process_component_name, process_component_version, description, optional, form_element_type, min_value, max_value, default_value, is_multiple, position, fieldset) values ('wt_compl_end','Weight End Complimentary','tiling_primers','primerdesign','0.0.1','Penalty weight for sequences with end complimentarity','1','text','','','0.0','0','22','primer3_advanced_params');
REPLACE INTO parameter (name, display_name, process_name, process_component_name, process_component_version, description, optional, form_element_type, min_value, max_value, default_value, is_multiple, position, fieldset) values ('wt_end_qual','Weight End Quality','tiling_primers','primerdesign','0.0.1','','1','text','','','0.0','0','26','primer3_advanced_params');
REPLACE INTO parameter (name, display_name, process_name, process_component_name, process_component_version, description, optional, form_element_type, min_value, max_value, default_value, is_multiple, position, fieldset) values ('wt_end_stability','Weight End Stability','tiling_primers','primerdesign','0.0.1','','1','text','','','0.0','0','28','primer3_advanced_params');
REPLACE INTO parameter (name, display_name, process_name, process_component_name, process_component_version, description, optional, form_element_type, min_value, max_value, default_value, is_multiple, position, fieldset) values ('wt_gc_percent_gt','Weight GC Percent High','tiling_primers','primerdesign','0.0.1','Penalty weight for primers with higher than optimal GC content','1','text','','','1','0','19','primer3_advanced_params');
REPLACE INTO parameter (name, display_name, process_name, process_component_name, process_component_version, description, optional, form_element_type, min_value, max_value, default_value, is_multiple, position, fieldset) values ('wt_gc_percent_lt','Weight GC Percent Low','tiling_primers','primerdesign','0.0.1','Penalty weight for primers with lower than optimal GC content','1','text','','','1','0','20','primer3_advanced_params');
REPLACE INTO parameter (name, display_name, process_name, process_component_name, process_component_version, description, optional, form_element_type, min_value, max_value, default_value, is_multiple, position, fieldset) values ('wt_num_ns','Weight Num Ns','tiling_primers','primerdesign','0.0.1','Penalty weight for sequences with unknown bases','1','text','','','0.0','0','23','primer3_advanced_params');
REPLACE INTO parameter (name, display_name, process_name, process_component_name, process_component_version, description, optional, form_element_type, min_value, max_value, default_value, is_multiple, position, fieldset) values ('wt_pos_penalty','Weight Pos Penalty','tiling_primers','primerdesign','0.0.1','','1','text','','','0.0','0','27','primer3_advanced_params');
REPLACE INTO parameter (name, display_name, process_name, process_component_name, process_component_version, description, optional, form_element_type, min_value, max_value, default_value, is_multiple, position, fieldset) values ('wt_rep_sim','Weight Rep Sim','tiling_primers','primerdesign','0.0.1','','1','text','','','0.0','0','24','primer3_advanced_params');
REPLACE INTO parameter (name, display_name, process_name, process_component_name, process_component_version, description, optional, form_element_type, min_value, max_value, default_value, is_multiple, position, fieldset) values ('wt_seq_qual','Weight Sequence Quality','tiling_primers','primerdesign','0.0.1','','1','text','','','0.0','0','25','primer3_advanced_params');
REPLACE INTO parameter (name, display_name, process_name, process_component_name, process_component_version, description, optional, form_element_type, min_value, max_value, default_value, is_multiple, position, fieldset) values ('wt_size_gt','Weight Size high','tiling_primers','primerdesign','0.0.1','Penalty weight for primers longer than the optimal size','1','text','','','1','0','17','primer3_advanced_params');
REPLACE INTO parameter (name, display_name, process_name, process_component_name, process_component_version, description, optional, form_element_type, min_value, max_value, default_value, is_multiple, position, fieldset) values ('wt_size_lt','Weight Size high','tiling_primers','primerdesign','0.0.1','Penalty weight for primers shorter than the optimal size','1','text','','','1','0','18','primer3_advanced_params');
REPLACE INTO parameter (name, display_name, process_name, process_component_name, process_component_version, description, optional, form_element_type, min_value, max_value, default_value, is_multiple, position, fieldset) values ('wt_template_mispriming','Weight Template Mispriming','tiling_primers','primerdesign','0.0.1','','1','text','','','0','0','44','primer3_advanced_params');
REPLACE INTO parameter (name, display_name, process_name, process_component_name, process_component_version, description, optional, form_element_type, min_value, max_value, default_value, is_multiple, position, fieldset) values ('wt_tm_gt','Weight Tm high','tiling_primers','primerdesign','0.0.1','Penalty weight for primers with Tm over Optimal Tm','1','text','','','1','0','15','primer3_advanced_params');
REPLACE INTO parameter (name, display_name, process_name, process_component_name, process_component_version, description, optional, form_element_type, min_value, max_value, default_value, is_multiple, position, fieldset) values ('wt_tm_lt','Weight Tm low','tiling_primers','primerdesign','0.0.1','Penalty weight for primers with Tm under Optimal Tm','1','text','','','1','0','16','primer3_advanced_params');
